Country,iso3c,Score,Incidents,Fatalities,Injuries,Hostages,Region
Afghanistan,AFG,8.955801078637217,4443,12726,21263,4101,South Asia
Albania,ALB,0.1561522908591573,0,0,0,0,Other
Albania,ARE,0.0,0,0,0,0,Other
Algeria,DZA,5.28852632912507,111,196,240,125,Other
Angola,AGO,1.1209591827445742,3,0,0,0,Other
Angola,DNK,0.508313378859537,0,0,0,0,Other
Argentina,ARG,2.5154946027349263,35,0,5,0,Other
Argentina,SWE,2.42954980425527,0,0,0,0,Other
Armenia,ARM,0.30243312294315594,1,0,0,0,Other
Armenia,AZE,0.157670277511823,0,0,0,0,Other
Australia,AUS,2.1021806840332458,8,5,6,0,Other
Australia,UKR,3.02112823692736,1,2,0,0,Other
Austria,AUT,2.012325947735401,5,6,25,0,Other
Azerbaijan,AZE,0.8535462612181,1,0,0,0,Other
Azerbaijan,KWT,0.157670277511823,0,0,0,0,Other
Bahrain,BHR,3.5856571999341877,87,19,110,0,Other
Bangladesh,BGD,4.758484303580497,114,89,344,22,South Asia
Belarus,BLR,1.464787553458073,0,0,0,0,Other
Belarus,BOL,0.0,0,0,0,0,Other
Belgium,BEL,3.200411097957168,19,39,38,1,Other
Benin,BEN,1.0888957652488291,17,22,26,1,Other
Benin,NLD,1.90014288467225,0,0,0,0,Other
Bhutan,BTN,0.20100770172195662,0,0,0,0,Other
Bhutan,BWA,0.0,0,0,0,0,Other
Bolivia,BOL,0.1505141737557513,0,0,0,0,Other
Bolivia,BTN,0.0,0,0,0,0,Other
Bosnia and Herzegovina,BIH,1.6575010347050878,4,3,7,0,Other
Bosnia and Herzegovina,BLR,0.0,0,0,0,0,Other
Botswana,BWA,0.0,0,0,0,0,Other
Botswana,COG,0.0,0,0,0,0,Other
Brazil,BRA,1.137185838427614,6,0,0,0,South America
Brazil,FIN,1.42574727634863,0,0,0,0,South America
Bulgaria,BGR,1.542834158617435,2,8,32,0,Other
Bulgaria,BIH,0.0,0,0,0,0,Other
Burkina Faso,BFA,5.001373880656599,1199,3515,1404,422,Africa
Burundi,BDI,4.33251104960533,24,38,269,0,Other
Cambodia,KHM,0.5281845461497928,1,0,3,0,Other
Cambodia,KOR,0.0,0,0,0,0,Other
Cameroon,CMR,6.57032567369751,1017,1861,2023,906,Other
Canada,CAN,2.9723575918554905,18,24,54,0,North America
Canada,VEN,4.0105930694706,4,3,1,0,North America
Central African Republic,ARG,2.46025571485066,0,0,0,0,Other
Central African Republic,CAF,3.964484594053745,11,54,56,8,Other
Chad,TCD,4.748661497276306,64,542,668,86,Africa
Chile,CHL,4.749349926966084,1170,20,230,28,Other
China,CHN,4.38032197407782,29,232,511,0,Other
Colombia,COL,7.096560415716251,1716,1124,2366,537,South America
Costa Rica,CRI,0.0,0,0,0,0,Other
Costa Rica,CUB,0.0,0,0,0,0,Other
Cote d' Ivoire,CIV,3.835998244635539,18,49,36,0,Other
Croatia,HRV,0.3893691508253806,1,0,1,0,Other
Croatia,HTI,0.0,0,0,0,0,Other
Cuba,CUB,0.0,0,0,0,0,Other
Cuba,DJI,0.0,0,0,0,0,Other
Cyprus,BRA,1.39182950581271,1,0,0,0,Other
Cyprus,CYP,1.0142893464026392,4,0,1,0,Other
Czech Republic,CZE,0.8156616181886441,5,0,0,0,Other
Democratic Republic of the Congo,COD,5.348046407238922,77,470,132,105,Other
Democratic Republic of the Congo,LKA,6.07262824700634,18,96,10,5,Other
Denmark,DNK,1.2745412775895575,3,2,5,0,Other
Denmark,GAB,0.508313378859537,0,0,0,0,Other
Djibouti,DJI,1.1975959124560271,2,7,17,0,Other
Djibouti,DOM,0.0,0,0,0,0,Other
Dominican Republic,DOM,0.0,0,0,0,0,Other
Dominican Republic,ERI,0.0,0,0,0,0,Other
Ecuador,ECU,1.9923032623783592,12,7,41,4,Other
Egypt,EGY,7.277129687215395,1307,2494,2914,359,Africa
El Salvador,SLV,0.5373680399623836,0,0,0,0,Other
Equatorial Guinea,GNQ,0.0,0,0,0,0,Other
Equatorial Guinea,GTM,0.0,0,0,0,0,Other
Eritrea,ERI,0.764290723765638,0,0,0,0,Other
Eritrea,EST,0.0,0,0,0,0,Other
Estonia,EST,0.4584837970831194,0,0,0,0,Other
Estonia,GHA,0.0,0,0,0,0,Other
Eswatini,SWZ,0.30644497376762553,1,0,1,0,Other
Ethiopia,ETH,4.441167471792953,43,92,153,13,Africa
Finland,FIN,0.8838279437429144,1,2,8,0,Other
Finland,ROU,1.45838482119566,0,0,0,0,Other
France,FRA,5.232670846770407,139,265,635,49,Europe/Eurasia
France,NPL,5.24572286528189,25,7,12,0,Europe/Eurasia
Gabon,GAB,0.4089212055662939,1,0,2,0,Other
Gabon,SDN,0.508313378859537,0,0,0,0,Other
Georgia,GEO,1.843918846821804,9,6,12,5,Other
Germany,DEU,4.065880588911279,150,24,49,22,Europe/Eurasia
Germany,GBR,5.12463702233883,28,11,21,0,Europe/Eurasia
Ghana,GHA,0.0,0,0,0,0,Other
Ghana,GIN,0.0,0,0,0,0,Other
Greece,GRC,4.111595150449652,210,2,28,3,Other
Greece,RUS,4.69107392569564,43,0,0,0,Other
Guatemala,GTM,1.3450002236847252,2,7,2,0,Other
Guatemala,GUY,0.0,0,0,0,0,Other
Guinea,GIN,0.0,0,0,0,0,Other
Guinea,GMB,0.0,0,0,0,0,Other
Guinea-Bissau,GNB,0.65763400120415,1,1,0,0,Other
Guinea-Bissau,GNQ,0.0,0,0,0,0,Other
Guyana,GUY,0.0,0,0,0,0,Other
Guyana,HND,0.0,0,0,0,0,Other
Haiti,HTI,0.0,0,0,0,0,Other
Haiti,ISL,0.0,0,0,0,0,Other
Honduras,HND,0.47775970162535775,0,0,0,0,Other
Honduras,HRV,0.0,0,0,0,0,Other
Hungary,HUN,0.66773431842939,2,0,0,0,Other
Iceland,ISL,0.0,0,0,0,0,Other
Iceland,JAM,0.0,0,0,0,0,Other
India,IND,7.604282712713215,2872,2062,3048,932,South Asia
Indonesia,IDN,5.195354931017394,155,179,190,20,Other
Iran,IRN,5.425665752592424,77,231,286,49,Middle East
Iran,USA,5.61810004144917,10,14,8,0,Middle East
Iraq,IRQ,9.333526937761828,11183,21286,38381,1771,Middle East
Ireland,IRL,1.3898040438520836,7,0,0,0,Other
Ireland,MRT,0.890406938670335,0,0,0,0,Other
Israel,ISR,5.304650780678307,392,76,405,25,Middle East
Italy,CAN,3.94901292377567,6,0,0,0,Other
Italy,ITA,3.021055248106524,48,0,8,0,Other
Jamaica,JAM,0.029097859768192604,0,0,0,0,Other
Jamaica,KHM,0.0,0,0,0,0,Other
Japan,JPN,1.0942744055973217,3,1,9,9,Other
Japan,LAO,1.97378670117656,0,0,0,0,Other
Jordan,JOR,3.1029495911313134,9,26,37,16,Other
Kazakhstan,KAZ,2.4292374821947025,3,10,11,0,Other
Kenya,KEN,6.732519232290415,453,1158,1485,133,Africa
Kosovo,KSV,1.9478042891086873,14,1,9,0,Other
Kuwait,KWT,2.468007713259268,3,27,227,0,Other
Kuwait,MDA,0.157670277511823,0,0,0,0,Other
Kyrgyz Republic,KGZ,1.4518669831072877,4,2,2,0,Other
Laos,BEN,1.96491695885921,0,0,0,0,Other
Laos,LAO,1.3568935880076272,4,11,11,0,Other
Latvia,LVA,0.0,0,0,0,0,Other
Latvia,MKD,0.0,0,0,0,0,Other
Lebanon,LBN,5.179248428719736,137,226,966,20,Middle East
Lesotho,LSO,0.0,0,0,0,0,Other
Lesotho,LVA,0.0,0,0,0,0,Other
Liberia,LBR,0.0,0,0,0,0,Other
Liberia,LSO,0.0,0,0,0,0,Other
Libya,LBY,6.125651211508714,413,652,956,184,Africa
Lithuania,LTU,0.3915042578945954,2,0,0,0,Other
Macedonia (FYR),MKD,1.5879131055822562,3,5,30,0,Other
Macedonia (FYR),POL,0.290978597681926,0,0,0,0,Other
Madagascar,JPN,2.02517561733704,0,0,0,0,Other
Madagascar,MDG,2.582740204796879,7,3,36,0,Other
Malawi,MWI,0.0,0,0,0,0,Other
Malaysia,CAF,2.53256457890395,1,0,0,5,Other
Malaysia,MYS,2.482887417067492,13,1,6,22,Other
Mali,MLI,7.167156923688483,1636,3428,2871,663,Africa
Mauritania,MRT,1.3142147017942403,1,0,2,0,Other
Mauritania,VNM,0.826318935360223,0,0,0,0,Other
Mauritius,MUS,0.2866660951919736,1,0,0,0,Other
Mauritius,UGA,0.157670277511823,0,0,0,0,Other
Mexico,AUS,3.02897814524368,0,0,0,0,North America
Mexico,MEX,2.857036838534671,34,7,4,2,North America
Moldova,MDA,0.6230156702689496,1,0,0,0,Other
Moldova,MUS,0.157670277511823,0,0,0,0,Other
Mongolia,MNG,0.0,0,0,0,0,Other
Montenegro,MNE,0.08699656855029873,0,0,0,0,Other
Morocco,MAR,1.911853454171753,1,2,0,0,Other
Mozambique,MOZ,5.054474385431512,548,1336,378,374,Other
Myanmar,MMR,5.610976629288232,1575,880,766,96,Southeast Asia
Namibia,NAM,0.0,0,0,0,0,Other
Nepal,FRA,5.25192211974915,29,5,0,0,Other
Nepal,NPL,4.481336670127498,255,19,117,17,Other
Netherlands,NLD,1.304749539165782,6,5,6,4,Other
Netherlands,PRY,3.00252983635947,1,0,0,0,Other
New Zealand,NZL,1.6846298463909735,2,51,55,49,Other
Nicaragua,NIC,1.4060117600195232,1,5,24,0,Other
Niger,NER,6.179317738836125,369,1799,868,382,Africa
Nigeria,NGA,8.503431248989711,1718,10191,6089,1701,Africa
North Korea,PRK,0.0,0,0,0,0,Other
Norway,NOR,2.6442470683634784,4,2,23,2,Other
Oman,OMN,0.08699656855029873,0,0,0,0,Other
Pakistan,PAK,8.508407349734776,3358,7692,14060,969,South Asia
Palestine,PSE,5.07906609559161,399,61,297,26,Other
Panama,PAN,0.1725303355992243,0,0,0,0,Other
Papua New Guinea,PNG,0.0,0,0,0,0,Other
Paraguay,CHE,2.91201148846255,2,0,0,1,Other
Paraguay,PRY,3.4406403893657695,35,27,24,11,Other
Peru,PER,4.269954930408094,39,56,52,53,South America
Philippines,PHL,6.9418538027627905,1006,929,2115,815,Southeast Asia
Poland,ARM,0.226890594371813,0,0,0,0,Other
Poland,POL,0.3666800913881993,1,0,0,0,Other
Portugal,PRT,0.0,0,0,0,0,Other
Qatar,QAT,0.0,0,0,0,0,Other
Republic of the Congo,COG,0.0,0,0,0,0,Other
Republic of the Congo,CRI,0.0,0,0,0,0,Other
Romania,IRL,1.52018198264983,0,0,0,0,Other
Romania,ROU,0.6381102920902514,1,0,10,0,Other
Russia,GRC,4.68418616304246,6,7,2,0,Europe/Eurasia
Russia,RUS,5.8460163429396435,505,407,804,8,Europe/Eurasia
Rwanda,RWA,2.3290676239358414,7,4,68,4,Other
Saudi Arabia,SAU,4.2297410001861655,73,102,179,6,Other
Senegal,MDG,2.10457007854592,0,0,0,0,Other
Senegal,SEN,1.3004654458186897,2,3,4,0,Other
Serbia,SRB,0.8100057015941844,2,1,2,0,Other
Sierra Leone,SLE,0.6317725385850659,1,1,1,0,Other
Singapore,SGP,0.0,0,0,0,0,Other
Slovakia,SVK,0.34005647869806416,1,2,1,0,Other
Slovenia,SVN,0.0,0,0,0,0,Other
Somalia,SOM,8.24668815149576,2951,7209,6740,828,Africa
South Africa,ZAF,1.0460333257918402,5,1,2,0,Other
South Korea,KOR,0.3893691508253806,1,0,1,0,Other
South Korea,LBR,0.0,0,0,0,0,Other
South Sudan,SSD,1.9554368490858791,10,9,7,31,Other
Spain,ESP,3.0050429277001167,16,16,137,0,Europe/Eurasia
Sri Lanka,COD,6.03615498474211,0,0,0,0,Other
Sri Lanka,LKA,3.4034010123665794,16,199,133,130,Other
Sudan,CYP,1.31972173286483,0,0,0,0,Other
Sudan,SDN,3.2898398101335866,18,29,46,41,Other
Sweden,SEN,2.16322253728063,0,0,0,0,Other
Sweden,SWE,2.228437871639672,14,8,3,0,Other
Switzerland,CHE,1.3684450175174654,6,0,0,0,Other
Switzerland,MEX,3.09418176981569,6,1,2,0,Other
Syria,SYR,8.141605790815097,1551,5977,8131,1277,Middle East
Taiwan,TWN,0.35397195529580056,1,0,1,0,Other
Tajikistan,TJK,3.452056660978984,8,67,13,10,Other
Tanzania,TZA,3.1301837978323728,25,40,28,7,Other
Thailand,THA,6.74290480876839,1160,794,2346,103,Southeast Asia
The Gambia,GMB,0.0,0,0,0,0,Other
The Gambia,GNB,0.0,0,0,0,0,Other
Timor-Leste,TLS,0.0,0,0,0,0,Other
Togo,ALB,0.0,0,0,0,0,Other
Togo,TGO,0.615557753606286,6,26,16,0,Other
Trinidad and Tobago,TTO,0.0,0,0,0,0,Other
Tunisia,TUN,5.0483447815024824,125,210,257,30,Other
Turkey,TUR,6.963716132971073,925,1439,2792,252,Middle East
Turkmenistan,TKM,1.43270489135123,3,9,2,0,Other
Uganda,TGO,0.0,0,0,0,0,Other
Uganda,UGA,3.0611778881583307,6,8,45,0,Other
Ukraine,MYS,2.958454448642,1,0,0,0,Europe/Eurasia
Ukraine,UKR,3.751593212982832,99,15,171,2,Europe/Eurasia
United Arab Emirates,ARE,0.9986108337354287,4,1,1,0,Other
United Arab Emirates,BGR,0.0,0,0,0,0,Other
United Kingdom,DEU,5.0212772833144,14,3,10,0,Europe/Eurasia
United Kingdom,GBR,4.8617369428648605,294,51,269,9,Europe/Eurasia
United States of America,IRN,5.53287983711359,9,2,13,0,Other
United States of America,USA,5.423599089431936,92,231,866,62,Other
Uruguay,URY,0.8372173058338572,4,0,0,0,Other
Uzbekistan,UZB,0.7513820886577868,3,0,0,0,Other
Venezuela,ITA,3.9894065053194,2,0,0,0,Other
Venezuela,VEN,3.0179143246451168,12,38,19,12,Other
Vietnam,AGO,0.681851850109894,0,0,0,0,Other
Vietnam,VNM,0.32118396581439124,1,0,1,0,Other
Yemen,YEM,7.198527953839871,833,2547,2992,233,Middle East
Zambia,ZMB,0.0,0,0,0,0,Other
Zimbabwe,ZWE,0.0,0,0,0,0,Other
